{"cameraMode":{"drawMode":0,"name":"Shaded","section":"Shading Mode"},"sceneLighting":true,"audioPlay":false,"sceneViewState":{"m_AlwaysRefresh":false,"showFog":true,"showSkybox":true,"showFlares":true,"showImageEffects":true,"showParticleSystems":true,"showVisualEffectGraphs":true,"m_FxEnabled":true},"in2DMode":false,"pivot":{"x":0.2360387146472931,"y":-0.5920848250389099,"z":12.193833351135254},"rotation":{"x":0.04891373589634895,"y":-0.6934089064598084,"z":0.046899568289518359,"w":0.7175965905189514},"size":0.0776657834649086,"orthographic":false}