{"cameraMode":{"drawMode":0,"name":"Shaded","section":"Shading Mode"},"sceneLighting":true,"audioPlay":false,"sceneViewState":{"m_AlwaysRefresh":false,"showFog":true,"showSkybox":true,"showFlares":true,"showImageEffects":true,"showParticleSystems":true,"showVisualEffectGraphs":true,"m_FxEnabled":true},"in2DMode":false,"pivot":{"x":-1.1302353143692017,"y":-0.47596418857574465,"z":11.85321044921875},"rotation":{"x":0.02196391299366951,"y":-0.7476174235343933,"z":-0.02422192320227623,"w":-0.6635999083518982},"size":0.07766580581665039,"orthographic":false}