{"cameraMode":{"drawMode":0,"name":"Shaded","section":"Shading Mode"},"sceneLighting":true,"audioPlay":false,"sceneViewState":{"m_AlwaysRefresh":false,"showFog":true,"showSkybox":true,"showFlares":true,"showImageEffects":true,"showParticleSystems":true,"showVisualEffectGraphs":true,"m_FxEnabled":true},"in2DMode":false,"pivot":{"x":2.6776819229125978,"y":-0.249077707529068,"z":0.41430073976516726},"rotation":{"x":0.11196181178092957,"y":0.7276557683944702,"z":-0.12264297157526016,"w":0.6657735109329224},"size":1.0599582195281983,"orthographic":false}