{"cameraMode":{"drawMode":0,"name":"Shaded","section":"Shading Mode"},"sceneLighting":true,"audioPlay":false,"sceneViewState":{"m_AlwaysRefresh":false,"showFog":true,"showSkybox":true,"showFlares":true,"showImageEffects":true,"showParticleSystems":true,"showVisualEffectGraphs":true,"m_FxEnabled":true},"in2DMode":false,"pivot":{"x":0.7113103866577148,"y":-0.02994796633720398,"z":-0.3408438265323639},"rotation":{"x":0.0024248172994703056,"y":0.9774144887924194,"z":-0.21171052753925324,"w":0.010202460922300816},"size":0.6497995853424072,"orthographic":false}