{"cameraMode":{"drawMode":0,"name":"Shaded","section":"Shading Mode"},"sceneLighting":true,"audioPlay":false,"sceneViewState":{"m_AlwaysRefresh":false,"showFog":true,"showSkybox":true,"showFlares":true,"showImageEffects":true,"showParticleSystems":true,"showVisualEffectGraphs":true,"m_FxEnabled":true},"in2DMode":false,"pivot":{"x":0.5429435968399048,"y":0.39644426107406618,"z":0.8775981068611145},"rotation":{"x":0.007389563601464033,"y":0.9924523830413818,"z":-0.10039924830198288,"w":0.07424884289503098},"size":0.30087152123451235,"orthographic":false}